Image,Class
image3720.jpg,Decorationandsignage
image401.jpg,Food
image1058.jpg,misc
image5826.jpg,Decorationandsignage
image10659.jpg,Food
image1665.jpg,Attire
image4919.jpg,Attire
image1232.jpg,Decorationandsignage
image6743.jpg,misc
image750.jpg,misc
image9557.jpg,Attire
image9599.jpg,Attire
image7714.jpg,Attire
image989.jpg,Food
image4977.jpg,misc
image572.jpg,misc
image4452.jpg,Food
image3039.jpg,Decorationandsignage
image895.jpg,Decorationandsignage
image5101.jpg,Attire
image10027.jpg,Attire
image9333.jpg,Food
image3141.jpg,misc
image9708.jpg,Food
image390.jpg,Food
image8715.jpg,Attire
image8800.jpg,Decorationandsignage
image6053.jpg,Food
image3057.jpg,Food
image6634.jpg,misc
image9060.jpg,misc
image2601.jpg,Food
image298.jpg,Attire
image10008.jpg,misc
image9308.jpg,misc
image4939.jpg,Attire
image1969.jpg,Food
image8049.jpg,Attire
image8432.jpg,Attire
image9792.jpg,Attire
image6429.jpg,Food
image10827.jpg,Food
image8656.jpg,Food
image4442.jpg,Food
image9719.jpg,Attire
image10829.jpg,Food
image5474.jpg,Attire
image4382.jpg,misc
image10744.jpg,Food
image5542.jpg,Attire
image9269.jpg,Attire
image2118.jpg,Decorationandsignage
image2365.jpg,Decorationandsignage
image5408.jpg,Decorationandsignage
image8030.jpg,Attire
image5597.jpg,misc
image5330.jpg,Food
image9010.jpg,Attire
image6498.jpg,Attire
image2627.jpg,Decorationandsignage
image7308.jpg,Food
image2137.jpg,misc
image7667.jpg,Decorationandsignage
image10238.jpg,Attire
image5861.jpg,misc
image8646.jpg,Attire
image1649.jpg,Food
image7313.jpg,Food
image568.jpg,misc
image6297.jpg,Food
image4448.jpg,Attire
image8765.jpg,Food
image9177.jpg,Decorationandsignage
image7992.jpg,Attire
image6218.jpg,Decorationandsignage
image9988.jpg,Attire
image3889.jpg,misc
image2726.jpg,Attire
image10876.jpg,Attire
image3978.jpg,misc
image9802.jpg,Decorationandsignage
image7425.jpg,misc
image6737.jpg,Decorationandsignage
image10519.jpg,Food
image4207.jpg,Decorationandsignage
image1092.jpg,Decorationandsignage
image1512.jpg,Decorationandsignage
image5835.jpg,Food
image473.jpg,Attire
image9461.jpg,Decorationandsignage
image2035.jpg,Decorationandsignage
image2441.jpg,misc
image2634.jpg,Attire
image494.jpg,misc
image1929.jpg,misc
image6350.jpg,misc
image10746.jpg,misc
image6863.jpg,Attire
image1525.jpg,misc
image3270.jpg,misc
image5150.jpg,Attire
image76.jpg,Food
image7939.jpg,Decorationandsignage
image1399.jpg,Decorationandsignage
image1430.jpg,misc
image4986.jpg,Attire
image8149.jpg,Attire
image5672.jpg,misc
image3766.jpg,Attire
image1236.jpg,Food
image5310.jpg,misc
image6851.jpg,Food
image5482.jpg,Food
image5389.jpg,Food
image8039.jpg,Food
image4902.jpg,Food
image8482.jpg,Decorationandsignage
image5773.jpg,misc
image3481.jpg,misc
image1108.jpg,Attire
image8856.jpg,Attire
image2135.jpg,misc
image2736.jpg,Attire
image8177.jpg,Attire
image9484.jpg,misc
image4654.jpg,Decorationandsignage
image2621.jpg,Attire
image1260.jpg,Food
image10052.jpg,misc
image4181.jpg,Food
image3570.jpg,Decorationandsignage
image10297.jpg,Attire
image514.jpg,Food
image9768.jpg,Attire
image3830.jpg,misc
image1534.jpg,misc
image4839.jpg,Food
image7989.jpg,Decorationandsignage
image9508.jpg,Food
image6239.jpg,Attire
image10662.jpg,Attire
image4456.jpg,Food
image5761.jpg,Food
image9837.jpg,Attire
image7306.jpg,Attire
image6991.jpg,misc
image8279.jpg,Attire
image5654.jpg,Food
image8572.jpg,misc
image8604.jpg,Food
image5842.jpg,Food
image1121.jpg,misc
image3173.jpg,Attire
image1055.jpg,Food
image2575.jpg,misc
image9670.jpg,Attire
image2179.jpg,Attire
image10241.jpg,Attire
image117.jpg,Attire
image8328.jpg,Decorationandsignage
image3081.jpg,misc
image4771.jpg,Food
image10688.jpg,misc
image7164.jpg,Food
image9465.jpg,Food
image4319.jpg,misc
image6025.jpg,Food
image2520.jpg,Attire
image10056.jpg,misc
image7026.jpg,misc
image7218.jpg,Food
image5843.jpg,Decorationandsignage
image490.jpg,Food
image2675.jpg,Food
image5870.jpg,Attire
image6859.jpg,misc
image6903.jpg,Food
image6992.jpg,Food
image2327.jpg,misc
image5705.jpg,Food
image403.jpg,Food
image4658.jpg,Food
image784.jpg,Food
image7643.jpg,Food
image10653.jpg,Food
image10889.jpg,Attire
image819.jpg,Attire
image2504.jpg,Food
image7519.jpg,Food
image3028.jpg,Food
image4917.jpg,Decorationandsignage
image9928.jpg,Food
image5899.jpg,Food
image7411.jpg,Food
image4315.jpg,Attire
image2894.jpg,Attire
image3015.jpg,Decorationandsignage
image8421.jpg,misc
image4907.jpg,Decorationandsignage
image5268.jpg,Attire
image9098.jpg,Food
image3271.jpg,Attire
image7905.jpg,misc
image318.jpg,Attire
image9163.jpg,Food
image7067.jpg,Food
image8381.jpg,Food
image7062.jpg,Attire
image4877.jpg,Food
image1642.jpg,Food
image10044.jpg,Attire
image8429.jpg,Decorationandsignage
image10607.jpg,misc
image4059.jpg,Food
image9107.jpg,misc
image1984.jpg,Decorationandsignage
image4046.jpg,Food
image1426.jpg,Attire
image416.jpg,Attire
image10416.jpg,Attire
image8156.jpg,misc
image9879.jpg,Food
image10201.jpg,Attire
image5324.jpg,misc
image480.jpg,Decorationandsignage
image9072.jpg,Decorationandsignage
image2335.jpg,Decorationandsignage
image9119.jpg,Food
image7927.jpg,Food
image4034.jpg,misc
image1846.jpg,misc
image10314.jpg,Food
image9688.jpg,Attire
image5667.jpg,Decorationandsignage
image8497.jpg,Food
image1804.jpg,Food
image114.jpg,Food
image4910.jpg,Attire
image6513.jpg,Attire
image9683.jpg,Attire
image2552.jpg,Food
image9341.jpg,Attire
image4030.jpg,misc
image6242.jpg,Decorationandsignage
image4270.jpg,Food
image10740.jpg,Food
image1050.jpg,Attire
image5478.jpg,Attire
image9881.jpg,Food
image1692.jpg,Attire
image122.jpg,Attire
image7523.jpg,Attire
image7099.jpg,misc
image8891.jpg,Food
image6929.jpg,Decorationandsignage
image7440.jpg,Food
image2045.jpg,misc
image9862.jpg,Attire
image8761.jpg,Food
image1978.jpg,misc
image8885.jpg,Attire
image3329.jpg,Food
image3765.jpg,Food
image8091.jpg,Attire
image8838.jpg,Decorationandsignage
image8961.jpg,Attire
image329.jpg,misc
image6596.jpg,Food
image10634.jpg,Food
image2317.jpg,Food
image7585.jpg,Decorationandsignage
image935.jpg,Attire
image541.jpg,Food
image1013.jpg,Decorationandsignage
image8302.jpg,misc
image10365.jpg,Food
image8220.jpg,misc
image4967.jpg,Food
image6109.jpg,Food
image5357.jpg,Attire
image5099.jpg,Decorationandsignage
image6081.jpg,Food
image5533.jpg,Attire
image4086.jpg,Attire
image8489.jpg,Attire
image6891.jpg,Attire
image1840.jpg,Food
image10637.jpg,Food
image8638.jpg,Attire
image2376.jpg,Attire
image6706.jpg,Attire
image8601.jpg,Attire
image6021.jpg,Food
image5486.jpg,Food
image5713.jpg,Food
image7632.jpg,Attire
image7649.jpg,Attire
image4465.jpg,misc
image5502.jpg,Attire
image3176.jpg,Food
image9374.jpg,Food
image5770.jpg,Attire
image3094.jpg,misc
image10505.jpg,Attire
image6810.jpg,Decorationandsignage
image9165.jpg,Decorationandsignage
image861.jpg,Food
image8827.jpg,Attire
image133.jpg,Attire
image660.jpg,Food
image3922.jpg,Food
image8135.jpg,misc
image9977.jpg,misc
image3126.jpg,Attire
image3434.jpg,Attire
image3337.jpg,Food
image745.jpg,Food
image10217.jpg,Attire
image1291.jpg,Food
image2753.jpg,Attire
image4736.jpg,Decorationandsignage
image9118.jpg,Food
image4835.jpg,misc
image9454.jpg,Attire
image10748.jpg,Food
image4345.jpg,Food
image4018.jpg,Food
image7987.jpg,Attire
image8192.jpg,Decorationandsignage
image6246.jpg,Attire
image5315.jpg,Decorationandsignage
image5362.jpg,Food
image7887.jpg,Food
image1906.jpg,Attire
image4125.jpg,Food
image7050.jpg,Food
image6463.jpg,Food
image2129.jpg,Decorationandsignage
image6111.jpg,misc
image8261.jpg,Attire
image6495.jpg,Attire
image3634.jpg,Food
image10292.jpg,misc
image7801.jpg,Decorationandsignage
image7865.jpg,misc
image4532.jpg,Food
image2085.jpg,misc
image5592.jpg,Food
image194.jpg,Food
image2331.jpg,Decorationandsignage
image974.jpg,Food
image656.jpg,Attire
image5535.jpg,Attire
image7383.jpg,Attire
image8831.jpg,Decorationandsignage
image7041.jpg,Decorationandsignage
image2038.jpg,Attire
image218.jpg,Attire
image282.jpg,Food
image5176.jpg,misc
image7344.jpg,Food
image3319.jpg,Food
image6671.jpg,Attire
image10026.jpg,misc
image7434.jpg,Food
image4185.jpg,Decorationandsignage
image6352.jpg,Decorationandsignage
image7873.jpg,misc
image1038.jpg,Attire
image10397.jpg,Attire
image7509.jpg,misc
image4892.jpg,misc
image8363.jpg,Food
image8339.jpg,Food
image5500.jpg,Food
image2138.jpg,Attire
image6423.jpg,Attire
image9746.jpg,misc
image10825.jpg,misc
image5041.jpg,misc
image8419.jpg,Food
image4860.jpg,Food
image8709.jpg,Food
image312.jpg,Attire
image2028.jpg,Food
image3245.jpg,Food
image6826.jpg,misc
image1570.jpg,Decorationandsignage
image7803.jpg,Attire
image8349.jpg,Decorationandsignage
image7420.jpg,Food
image1333.jpg,Food
image10697.jpg,Food
image2974.jpg,Attire
image792.jpg,Food
image1486.jpg,Decorationandsignage
image2548.jpg,Decorationandsignage
image10236.jpg,Decorationandsignage
image4461.jpg,Attire
image4440.jpg,Attire
image5987.jpg,Food
image10481.jpg,Attire
image4732.jpg,Food
image4890.jpg,misc
image2613.jpg,misc
image1915.jpg,misc
image7501.jpg,Attire
image917.jpg,Decorationandsignage
image665.jpg,Food
image7719.jpg,Food
image7616.jpg,Decorationandsignage
image597.jpg,Attire
image130.jpg,Food
image7294.jpg,Attire
image6193.jpg,Food
image5970.jpg,Attire
image4802.jpg,Attire
image3021.jpg,Food
image10761.jpg,Food
image6124.jpg,Food
image10067.jpg,Food
image4431.jpg,Decorationandsignage
image2956.jpg,Attire
image6511.jpg,misc
image528.jpg,Attire
image5476.jpg,Attire
image8994.jpg,Attire
image9805.jpg,misc
image3260.jpg,Attire
image7694.jpg,Attire
image4863.jpg,Food
image9760.jpg,misc
image3096.jpg,misc
image4057.jpg,Food
image1902.jpg,misc
image4549.jpg,misc
image9686.jpg,Food
image5451.jpg,Food
image9524.jpg,Food
image10648.jpg,Food
image4008.jpg,Food
image9915.jpg,Attire
image8739.jpg,Food
image3642.jpg,Food
image4968.jpg,Attire
image2750.jpg,misc
image5801.jpg,Attire
image10062.jpg,Food
image6048.jpg,Food
image8864.jpg,Attire
image8398.jpg,Attire
image8772.jpg,Food
image710.jpg,Attire
image4043.jpg,Food
image9064.jpg,Attire
image4308.jpg,Attire
image4186.jpg,Attire
image7437.jpg,misc
image1181.jpg,Decorationandsignage
image5123.jpg,Attire
image7248.jpg,Food
image8878.jpg,Food
image8789.jpg,misc
image8121.jpg,Decorationandsignage
image8165.jpg,Attire
image1262.jpg,Attire
image9961.jpg,Attire
image9743.jpg,Attire
image3675.jpg,Food
image7537.jpg,Attire
image2500.jpg,misc
image8564.jpg,Attire
image215.jpg,Food
image6954.jpg,Attire
image4196.jpg,Food
image9748.jpg,Attire
image3501.jpg,Food
image4128.jpg,misc
image914.jpg,Attire
image3566.jpg,Food
image5787.jpg,Attire
image4751.jpg,misc
image1791.jpg,Food
image206.jpg,misc
image10379.jpg,Food
image2891.jpg,Food
image9511.jpg,Food
image4342.jpg,Food
image10821.jpg,Attire
image9659.jpg,misc
image7482.jpg,Attire
image5630.jpg,Attire
image2507.jpg,Food
image5741.jpg,Food
image7272.jpg,Decorationandsignage
image226.jpg,Attire
image7083.jpg,Food
image7993.jpg,Attire
image6177.jpg,Food
image2400.jpg,Food
image7734.jpg,Food
image5729.jpg,Food
image394.jpg,Decorationandsignage
image5137.jpg,Decorationandsignage
image2428.jpg,Food
image8710.jpg,misc
image3600.jpg,Decorationandsignage
image9219.jpg,Food
image8321.jpg,Food
image8579.jpg,misc
image9145.jpg,Food
image10429.jpg,Food
image4630.jpg,Food
image5038.jpg,Decorationandsignage
image8224.jpg,Food
image10170.jpg,misc
image8834.jpg,Food
image1591.jpg,Food
image4401.jpg,Food
image3441.jpg,Decorationandsignage
image10752.jpg,Attire
image1654.jpg,Decorationandsignage
image5934.jpg,Food
image9472.jpg,misc
image3961.jpg,Food
image7064.jpg,Food
image7416.jpg,Food
image5024.jpg,Food
image5169.jpg,Food
image9951.jpg,Food
image4123.jpg,Attire
image10077.jpg,Attire
image9121.jpg,Food
image7765.jpg,Food
image9362.jpg,misc
image9105.jpg,Food
image7399.jpg,Attire
image6267.jpg,misc
image347.jpg,Decorationandsignage
image8600.jpg,Food
image9418.jpg,misc
image3196.jpg,Food
image1556.jpg,Attire
image4972.jpg,Food
image1775.jpg,Attire
image3391.jpg,Attire
image1477.jpg,misc
image5663.jpg,Food
image6465.jpg,Food
image9112.jpg,Attire
image2253.jpg,Attire
image9985.jpg,misc
image7763.jpg,Attire
image9866.jpg,misc
image7738.jpg,Attire
image2984.jpg,Food
image1497.jpg,Decorationandsignage
image5772.jpg,Attire
image7001.jpg,Attire
image2220.jpg,misc
image3999.jpg,Attire
image119.jpg,Attire
image4901.jpg,Food
image9772.jpg,Decorationandsignage
image9081.jpg,Attire
image9244.jpg,Decorationandsignage
image9547.jpg,misc
image4330.jpg,Attire
image5404.jpg,Attire
image3610.jpg,Attire
image5569.jpg,Food
image8449.jpg,Decorationandsignage
image9897.jpg,misc
image9183.jpg,Food
image3177.jpg,Food
image4040.jpg,Food
image5943.jpg,Food
image6037.jpg,Attire
image9975.jpg,Attire
image4678.jpg,misc
image9824.jpg,Attire
image892.jpg,misc
image2875.jpg,Attire
image7534.jpg,misc
image6160.jpg,Food
image5541.jpg,misc
image9293.jpg,Decorationandsignage
image10654.jpg,Food
image1716.jpg,Food
image10517.jpg,Food
image6556.jpg,misc
image1766.jpg,Food
image4932.jpg,misc
image8169.jpg,Attire
image7289.jpg,Food
image1544.jpg,Attire
image6071.jpg,Attire
image1303.jpg,Food
image5493.jpg,Decorationandsignage
image7177.jpg,Attire
image5797.jpg,Attire
image5095.jpg,Food
image6070.jpg,Decorationandsignage
image3142.jpg,Attire
image7355.jpg,Attire
image10537.jpg,Attire
image7198.jpg,Attire
image4931.jpg,Food
image7015.jpg,Food
image1245.jpg,Decorationandsignage
image6410.jpg,Attire
image10169.jpg,misc
image4445.jpg,Decorationandsignage
image6260.jpg,Attire
image5189.jpg,Decorationandsignage
image8545.jpg,misc
image9736.jpg,Food
image6493.jpg,Attire
image9153.jpg,Attire
image5577.jpg,Food
image7125.jpg,Food
image896.jpg,Decorationandsignage
image314.jpg,Food
image5368.jpg,Food
image1822.jpg,Food
image3437.jpg,Attire
image9665.jpg,Food
image1553.jpg,Food
image3014.jpg,Decorationandsignage
image8485.jpg,Food
image9207.jpg,misc
image2666.jpg,Food
image3470.jpg,Attire
image518.jpg,Food
image7417.jpg,Food
image9278.jpg,Food
image6822.jpg,Attire
image10760.jpg,Food
image4913.jpg,Food
image7264.jpg,Food
image5032.jpg,misc
image4719.jpg,Attire
image7137.jpg,misc
image4651.jpg,Decorationandsignage
image1151.jpg,Attire
image3496.jpg,Food
image9097.jpg,Food
image1325.jpg,Attire
image7304.jpg,Food
image7328.jpg,Attire
image5236.jpg,Food
image5046.jpg,Food
image4793.jpg,Attire
image8273.jpg,Attire
image5691.jpg,Attire
image10098.jpg,Food
image5466.jpg,Food
image1215.jpg,Food
image10596.jpg,misc
image6068.jpg,Food
image10420.jpg,misc
image8603.jpg,Food
image8115.jpg,Food
image6467.jpg,Decorationandsignage
image9066.jpg,Food
image4478.jpg,misc
image6994.jpg,misc
image1059.jpg,Decorationandsignage
image3895.jpg,Food
image3908.jpg,Decorationandsignage
image279.jpg,Attire
image3214.jpg,misc
image7163.jpg,Food
image458.jpg,Food
image7929.jpg,Attire
image2442.jpg,Food
image2540.jpg,misc
image7977.jpg,Food
image9770.jpg,Attire
image1052.jpg,misc
image336.jpg,Attire
image3945.jpg,Food
image6543.jpg,Food
image4259.jpg,Food
image2430.jpg,misc
image7913.jpg,Attire
image7330.jpg,Decorationandsignage
image7548.jpg,misc
image6914.jpg,Food
image9933.jpg,Attire
image6257.jpg,misc
image4557.jpg,Attire
image4199.jpg,Food
image10872.jpg,Decorationandsignage
image5932.jpg,Attire
image3621.jpg,misc
image396.jpg,Food
image5136.jpg,Attire
image6839.jpg,Food
image5016.jpg,Decorationandsignage
image10691.jpg,Food
image7576.jpg,Food
image2934.jpg,Decorationandsignage
image1163.jpg,Decorationandsignage
image10737.jpg,Decorationandsignage
image7994.jpg,Decorationandsignage
image2510.jpg,Attire
image7142.jpg,Decorationandsignage
image8664.jpg,Food
image6575.jpg,Food
image2325.jpg,Attire
image3511.jpg,Food
image4697.jpg,Food
image5149.jpg,Attire
image8733.jpg,Food
image8853.jpg,Attire
image4067.jpg,Food
image1079.jpg,Food
image7685.jpg,Food
image3234.jpg,Attire
image9745.jpg,misc
image6673.jpg,Food
image9250.jpg,Food
image10079.jpg,Attire
image8107.jpg,Food
image7485.jpg,misc
image9432.jpg,misc
image7325.jpg,Attire
image3625.jpg,Decorationandsignage
image451.jpg,Attire
image6332.jpg,Attire
image3411.jpg,Attire
image5522.jpg,Attire
image7740.jpg,Attire
image7815.jpg,Food
image6623.jpg,Food
image6470.jpg,misc
image6778.jpg,Food
image7753.jpg,Decorationandsignage
image9299.jpg,Decorationandsignage
image252.jpg,Attire
image3608.jpg,misc
image7123.jpg,Food
image8276.jpg,misc
image3480.jpg,Food
image4740.jpg,Attire
image3320.jpg,Attire
image8828.jpg,Food
image4399.jpg,Food
image7371.jpg,Food
image10406.jpg,misc
image303.jpg,misc
image2338.jpg,Food
image1342.jpg,Attire
image1539.jpg,Food
image1146.jpg,Attire
image3653.jpg,Food
image6449.jpg,Food
image9786.jpg,Food
image4252.jpg,Attire
image5472.jpg,Food
image8094.jpg,Food
image8077.jpg,Attire
image9089.jpg,Food
image8017.jpg,Decorationandsignage
image9283.jpg,Decorationandsignage
image4854.jpg,Attire
image7345.jpg,Food
image6934.jpg,Attire
image9627.jpg,Attire
image6138.jpg,Food
image1650.jpg,Attire
image4519.jpg,Food
image1471.jpg,misc
image10877.jpg,misc
image8566.jpg,Attire
image9664.jpg,Food
image1243.jpg,Food
image8593.jpg,Attire
image7723.jpg,Attire
image7435.jpg,Attire
image307.jpg,Attire
image7838.jpg,Decorationandsignage
image3426.jpg,Attire
image7658.jpg,Food
image7559.jpg,Food
image10082.jpg,Attire
image9199.jpg,Attire
image6130.jpg,Food
image5213.jpg,Attire
image5211.jpg,Food
image5227.jpg,Food
image8667.jpg,Decorationandsignage
image9712.jpg,misc
image8681.jpg,Attire
image7506.jpg,Food
image2757.jpg,Attire
image6617.jpg,Attire
image4659.jpg,misc
image3047.jpg,Decorationandsignage
image10867.jpg,misc
image4846.jpg,Food
image197.jpg,Decorationandsignage
image10275.jpg,misc
image9388.jpg,Food
image1263.jpg,Decorationandsignage
image1223.jpg,Food
image951.jpg,Food
image234.jpg,Attire
image9755.jpg,misc
image6855.jpg,misc
image1855.jpg,Food
image6530.jpg,Attire
image7160.jpg,Attire
image9242.jpg,Attire
image7222.jpg,Food
image3112.jpg,Attire
image10810.jpg,Food
image9525.jpg,Food
image928.jpg,Decorationandsignage
image10119.jpg,Food
image3503.jpg,Decorationandsignage
image7380.jpg,misc
image5371.jpg,Attire
image3586.jpg,misc
image5783.jpg,misc
image4392.jpg,Attire
image9889.jpg,Food
image4291.jpg,Decorationandsignage
image3283.jpg,Food
image6864.jpg,misc
image5230.jpg,misc
image10643.jpg,Decorationandsignage
image1496.jpg,Attire
image7940.jpg,Food
image4355.jpg,Food
image3402.jpg,Food
image6026.jpg,Food
image9493.jpg,misc
image1123.jpg,Food
image5527.jpg,Attire
image2570.jpg,Food
image10529.jpg,Food
image10743.jpg,Attire
image2423.jpg,Food
image6759.jpg,Food
image7188.jpg,Food
image10486.jpg,Food
image6620.jpg,misc
image8867.jpg,Attire
image905.jpg,Attire
image5395.jpg,Decorationandsignage
image6390.jpg,Food
image8204.jpg,Food
image10084.jpg,Food
image3218.jpg,Decorationandsignage
image10271.jpg,Decorationandsignage
image9291.jpg,Food
image7157.jpg,Food
image6269.jpg,misc
image10777.jpg,misc
image10194.jpg,Attire
image6791.jpg,misc
image10836.jpg,Food
image1022.jpg,Food
image9639.jpg,Decorationandsignage
image7663.jpg,Food
image4147.jpg,Food
image1231.jpg,Attire
image4770.jpg,Decorationandsignage
image1872.jpg,Decorationandsignage
image7252.jpg,Attire
image10604.jpg,misc
image4056.jpg,Food
image6083.jpg,Attire
image1869.jpg,misc
image10388.jpg,misc
image3867.jpg,Attire
image10567.jpg,Attire
image5716.jpg,Food
image6156.jpg,Food
image2167.jpg,Food
image7942.jpg,Food
image845.jpg,Food
image649.jpg,Decorationandsignage
image7208.jpg,Food
image2928.jpg,Food
image5959.jpg,Food
image7530.jpg,misc
image4699.jpg,Food
image7853.jpg,misc
image7115.jpg,Decorationandsignage
image6629.jpg,Food
image4205.jpg,Attire
image10159.jpg,misc
image8894.jpg,Decorationandsignage
image9614.jpg,Attire
image5279.jpg,Attire
image6431.jpg,Attire
image1328.jpg,Decorationandsignage
image10073.jpg,Attire
image4434.jpg,Attire
image2360.jpg,Decorationandsignage
image6224.jpg,Food
image10562.jpg,Food
image1576.jpg,Food
image6294.jpg,Food
image7742.jpg,Food
image5996.jpg,misc
image7872.jpg,Food
image2668.jpg,Attire
image3052.jpg,Attire
image8110.jpg,Food
image7301.jpg,Attire
image10664.jpg,misc
image4742.jpg,Food
image7254.jpg,Attire
image5271.jpg,Food
image5433.jpg,Decorationandsignage
image9846.jpg,Attire
image9549.jpg,Attire
image367.jpg,Attire
image4903.jpg,Decorationandsignage
image1756.jpg,Food
image9350.jpg,Decorationandsignage
image7892.jpg,misc
image6439.jpg,misc
image8678.jpg,misc
image8267.jpg,Food
image7606.jpg,Attire
image8506.jpg,Attire
image10749.jpg,Decorationandsignage
image2243.jpg,misc
image9143.jpg,Food
image7841.jpg,misc
image8917.jpg,misc
image6608.jpg,Decorationandsignage
image10102.jpg,Food
image2764.jpg,Attire
image6900.jpg,misc
image7895.jpg,Attire
image4134.jpg,Food
image3595.jpg,Food
image9729.jpg,Food
image7220.jpg,Decorationandsignage
image4054.jpg,misc
image8775.jpg,Decorationandsignage
image1277.jpg,misc
image4234.jpg,Attire
image9678.jpg,Decorationandsignage
image549.jpg,Decorationandsignage
image8692.jpg,Food
image4858.jpg,Food
image9380.jpg,Food
image5737.jpg,Attire
image1594.jpg,Food
image10001.jpg,Food
image2640.jpg,Food
image10342.jpg,Attire
image7072.jpg,misc
image6916.jpg,misc
image8956.jpg,Food
image2794.jpg,Food
image10552.jpg,misc
image770.jpg,Decorationandsignage
image5182.jpg,Attire
image9202.jpg,Food
image8930.jpg,Decorationandsignage
image3550.jpg,Decorationandsignage
image503.jpg,Food
image6807.jpg,misc
image10158.jpg,Food
image152.jpg,Food
image8610.jpg,Attire
image9437.jpg,Food
image4412.jpg,misc
image7182.jpg,Attire
image8967.jpg,Attire
image2650.jpg,Attire
image1886.jpg,Food
image10028.jpg,Food
image578.jpg,Food
image7732.jpg,Decorationandsignage
image5170.jpg,Attire
image1224.jpg,Food
image8242.jpg,Decorationandsignage
image3006.jpg,Decorationandsignage
image7954.jpg,Decorationandsignage
image4038.jpg,Food
image9530.jpg,Attire
image10114.jpg,Attire
image9808.jpg,Decorationandsignage
image4476.jpg,Decorationandsignage
image6428.jpg,Decorationandsignage
image9062.jpg,Decorationandsignage
image4546.jpg,Food
image8653.jpg,misc
image4791.jpg,Food
image2432.jpg,Attire
image8174.jpg,Food
image2391.jpg,Food
image2711.jpg,misc
image9698.jpg,misc
image6353.jpg,misc
image6809.jpg,Decorationandsignage
image7772.jpg,Food
image4822.jpg,Attire
image9878.jpg,Decorationandsignage
image3122.jpg,misc
image5880.jpg,misc
image1856.jpg,Attire
image1831.jpg,misc
image8889.jpg,Food
image6185.jpg,Food
image4223.jpg,Food
image1558.jpg,Attire
image10765.jpg,Food
image10548.jpg,Attire
image6728.jpg,Attire
image9869.jpg,Decorationandsignage
image6670.jpg,misc
image1613.jpg,Food
image4101.jpg,Attire
image4749.jpg,Food
image5156.jpg,Attire
image1826.jpg,Food
image6793.jpg,misc
image6640.jpg,Food
image4184.jpg,Attire
image3417.jpg,Food
image8024.jpg,misc
image5177.jpg,Food
image3691.jpg,Attire
image8818.jpg,Food
image8457.jpg,Food
image6693.jpg,Food
image5537.jpg,Decorationandsignage
image6830.jpg,Food
image5377.jpg,Food
image7793.jpg,Food
image3527.jpg,Decorationandsignage
image8551.jpg,Decorationandsignage
image9576.jpg,Food
image5906.jpg,misc
image5730.jpg,Attire
image5588.jpg,Decorationandsignage
image2953.jpg,misc
image6733.jpg,Food
image1523.jpg,Attire
image7287.jpg,Food
image7888.jpg,misc
image1629.jpg,Food
image8530.jpg,Decorationandsignage
image10541.jpg,Food
image6488.jpg,Attire
image9190.jpg,Food
image9443.jpg,Attire
image552.jpg,Attire
image175.jpg,Food
image6236.jpg,Decorationandsignage
image9684.jpg,Attire
image3001.jpg,Attire
image5003.jpg,Food
image8472.jpg,Food
image1625.jpg,Food
image7168.jpg,Food
image7247.jpg,Food
image5008.jpg,misc
image2363.jpg,misc
image9721.jpg,Attire
image3136.jpg,Attire
image10074.jpg,misc
image8910.jpg,Attire
image7172.jpg,Attire
image2815.jpg,Decorationandsignage
image9806.jpg,Food
image7827.jpg,Food
image10307.jpg,Attire
image10542.jpg,Food
image3354.jpg,Food
image6950.jpg,Attire
image2580.jpg,Attire
image10845.jpg,misc
image3356.jpg,Food
image3409.jpg,Attire
image8282.jpg,Decorationandsignage
image9565.jpg,Food
image3026.jpg,Food
image1768.jpg,misc
image636.jpg,misc
image8812.jpg,Attire
image7693.jpg,Decorationandsignage
image9774.jpg,Attire
image3661.jpg,Food
image6968.jpg,Attire
image10324.jpg,Food
image10245.jpg,Food
image10768.jpg,Attire
image3340.jpg,Attire
image5332.jpg,Attire
image3615.jpg,Attire
image2728.jpg,Attire
image8672.jpg,Attire
image409.jpg,Attire
image10088.jpg,Attire
image7403.jpg,Food
image10774.jpg,Food
image9220.jpg,misc
image324.jpg,Food
image9458.jpg,Attire
image8095.jpg,Food
image4297.jpg,Attire
image8758.jpg,Food
image3762.jpg,Decorationandsignage
image5587.jpg,misc
image3989.jpg,Attire
image22.jpg,misc
image5130.jpg,Food
image8452.jpg,Food
image3166.jpg,Decorationandsignage
image5361.jpg,Attire
image8619.jpg,Attire
image3211.jpg,Decorationandsignage
image294.jpg,Attire
image926.jpg,Decorationandsignage
image878.jpg,Decorationandsignage
image8175.jpg,Food
image2457.jpg,Decorationandsignage
image9049.jpg,misc
image6510.jpg,Food
image5045.jpg,misc
image4513.jpg,Attire
image1490.jpg,Decorationandsignage
image8178.jpg,Decorationandsignage
image5583.jpg,Attire
image9780.jpg,Food
image797.jpg,misc
image3326.jpg,Food
image5111.jpg,Food
image7847.jpg,Decorationandsignage
image410.jpg,Food
image8087.jpg,Food
image9271.jpg,misc
image1491.jpg,misc
image753.jpg,misc
image4635.jpg,Attire
image6288.jpg,misc
image5020.jpg,Decorationandsignage
image1039.jpg,Food
image3422.jpg,Attire
image3064.jpg,Attire
image3839.jpg,Food
image8070.jpg,Attire
image4704.jpg,Food
image6766.jpg,misc
image5579.jpg,Attire
image2286.jpg,Attire
image9002.jpg,misc
image10501.jpg,Food
image8462.jpg,Food
image1722.jpg,Decorationandsignage
image796.jpg,Food
image7767.jpg,Attire
image7106.jpg,Decorationandsignage
image389.jpg,misc
image2823.jpg,Food
image6255.jpg,Food
image6782.jpg,Food
image4666.jpg,Decorationandsignage
image8164.jpg,Food
image4982.jpg,Attire
image2279.jpg,misc
image5146.jpg,Food
image5084.jpg,Decorationandsignage
image1054.jpg,Food
image9404.jpg,Attire
image9200.jpg,Food
image8198.jpg,Decorationandsignage
image9343.jpg,Food
image6039.jpg,misc
image1439.jpg,Attire
image7408.jpg,Food
image10360.jpg,Attire
image1674.jpg,Attire
image8763.jpg,Attire
image10046.jpg,misc
image2320.jpg,Attire
image2216.jpg,Attire
image9996.jpg,Attire
image2435.jpg,Attire
image9998.jpg,Attire
image10886.jpg,Decorationandsignage
image9939.jpg,Food
image6848.jpg,Attire
image5427.jpg,Food
image3367.jpg,Decorationandsignage
image10828.jpg,Food
image6153.jpg,Decorationandsignage
image7857.jpg,Attire
image7603.jpg,Food
image7640.jpg,Decorationandsignage
image4477.jpg,Food
image8726.jpg,Attire
image10367.jpg,Attire
image10182.jpg,Food
image9037.jpg,misc
image1783.jpg,Food
image5782.jpg,Attire
image548.jpg,Food
image1077.jpg,Food
image1037.jpg,Food
image8257.jpg,Attire
image5140.jpg,Food
image8620.jpg,misc
image8901.jpg,misc
image4800.jpg,Decorationandsignage
image3850.jpg,Attire
image7959.jpg,Food
image2595.jpg,Attire
image256.jpg,Food
image6854.jpg,Food
image10093.jpg,Decorationandsignage
image4897.jpg,misc
image8998.jpg,Food
image1087.jpg,misc
image5152.jpg,misc
image10200.jpg,Attire
image10269.jpg,Decorationandsignage
image736.jpg,Food
image6378.jpg,Attire
image4334.jpg,Attire
image3109.jpg,misc
image3862.jpg,Food
image2475.jpg,Decorationandsignage
image2643.jpg,misc
image10484.jpg,Attire
image4446.jpg,misc
image10304.jpg,misc
image2772.jpg,Attire
image10625.jpg,Food
image5623.jpg,misc
image9989.jpg,Attire
image4013.jpg,Attire
image658.jpg,Decorationandsignage
image6637.jpg,Food
image1206.jpg,misc
image1250.jpg,Food
image6672.jpg,Food
image9273.jpg,misc
image5019.jpg,misc
image8650.jpg,Attire
image2938.jpg,Decorationandsignage
image2639.jpg,Decorationandsignage
image8587.jpg,Decorationandsignage
image10040.jpg,Decorationandsignage
image10240.jpg,Attire
image8700.jpg,Food
image9004.jpg,Attire
image7768.jpg,Decorationandsignage
image4772.jpg,Food
image6562.jpg,misc
image571.jpg,Food
image2194.jpg,misc
image8120.jpg,Decorationandsignage
image3193.jpg,Food
image1718.jpg,misc
image4640.jpg,Food
image8003.jpg,Food
image7572.jpg,Decorationandsignage
image6517.jpg,Food
image8233.jpg,Decorationandsignage
image808.jpg,Attire
image3019.jpg,misc
image2579.jpg,Food
image438.jpg,Attire
image4677.jpg,Food
image2284.jpg,Food
image7312.jpg,misc
image9261.jpg,Food
image8264.jpg,misc
image1696.jpg,Food
image712.jpg,Food
image7856.jpg,Decorationandsignage
image5107.jpg,Attire
image5255.jpg,Decorationandsignage
image8202.jpg,Food
image6818.jpg,Attire
image7782.jpg,Food
image4682.jpg,misc
image9236.jpg,Food
image4911.jpg,Decorationandsignage
image7957.jpg,misc
image2149.jpg,misc
image6483.jpg,Food
image8666.jpg,Food
image7776.jpg,Food
image4104.jpg,Attire
image1238.jpg,misc
image9563.jpg,Food
image6006.jpg,Attire
image3591.jpg,Attire
image108.jpg,Attire
image10772.jpg,Attire
image7256.jpg,Attire
image4625.jpg,Attire
image4590.jpg,misc
image3627.jpg,Decorationandsignage
image7752.jpg,Attire
image4804.jpg,Food
image689.jpg,Attire
image4665.jpg,Decorationandsignage
image5644.jpg,misc
image761.jpg,Attire
image4601.jpg,Attire
image10478.jpg,Attire
image6191.jpg,Attire
image2739.jpg,misc
image4468.jpg,Decorationandsignage
image6040.jpg,misc
image1562.jpg,Attire
image10819.jpg,Food
image9448.jpg,Attire
image8312.jpg,Food
image7215.jpg,Food
image8658.jpg,Attire
image2024.jpg,Food
image1053.jpg,Decorationandsignage
image6084.jpg,Food
image8427.jpg,Food
image7709.jpg,Attire
image3560.jpg,Decorationandsignage
image2013.jpg,Attire
image5216.jpg,misc
image9793.jpg,Food
image10150.jpg,Attire
image563.jpg,misc
image6364.jpg,Food
image10858.jpg,Food
image1429.jpg,misc
image7682.jpg,Food
image1203.jpg,Food
image1960.jpg,Decorationandsignage
image8412.jpg,Attire
image4031.jpg,Food
image2448.jpg,Food
image2505.jpg,Decorationandsignage
image8058.jpg,Decorationandsignage
image7456.jpg,misc
image7311.jpg,misc
image4924.jpg,Food
image3529.jpg,Attire
image9408.jpg,Food
image8612.jpg,misc
image10632.jpg,Food
image3307.jpg,Attire
image3117.jpg,Attire
image4274.jpg,misc
image6088.jpg,Food
image5754.jpg,Decorationandsignage
image5927.jpg,Food
image1074.jpg,Food
image6522.jpg,Food
image6165.jpg,Attire
image1540.jpg,Attire
image4340.jpg,Decorationandsignage
image5958.jpg,Attire
image10191.jpg,Attire
image5648.jpg,Attire
image1602.jpg,Food
image9296.jpg,Food
image8269.jpg,Decorationandsignage
image3859.jpg,misc
image9330.jpg,misc
image8682.jpg,Decorationandsignage
image10521.jpg,Attire
image5868.jpg,Attire
image10064.jpg,Attire
image2873.jpg,Decorationandsignage
image3575.jpg,Food
image589.jpg,Food
image519.jpg,Decorationandsignage
image6630.jpg,Attire
image5385.jpg,Food
image9344.jpg,misc
image2870.jpg,Food
image6200.jpg,misc
image2597.jpg,Food
image5173.jpg,Attire
image6911.jpg,Food
image7352.jpg,Food
image9334.jpg,Attire
image8782.jpg,Food
image8537.jpg,misc
image5437.jpg,Food
image8725.jpg,Decorationandsignage
image10874.jpg,misc
image7601.jpg,Food
image5736.jpg,Food
image9191.jpg,misc
image8067.jpg,Food
image3684.jpg,misc
image1773.jpg,Food
image9453.jpg,Attire
image5468.jpg,Food
image424.jpg,Decorationandsignage
image10430.jpg,Food
image7922.jpg,Food
image9243.jpg,Attire
image2146.jpg,Attire
image1552.jpg,Attire
image871.jpg,Attire
image7495.jpg,misc
image2850.jpg,Food
image9864.jpg,Food
image5858.jpg,Attire
image8751.jpg,Attire
image3677.jpg,misc
image4565.jpg,Food
image7110.jpg,Food
image7405.jpg,Food
image143.jpg,Decorationandsignage
image3935.jpg,Attire
image2610.jpg,Food
image4127.jpg,Decorationandsignage
image1478.jpg,misc
image7825.jpg,Attire
image10300.jpg,Attire
image8108.jpg,misc
image6646.jpg,Food
image8688.jpg,misc
image1662.jpg,Food
image7951.jpg,Food
image9492.jpg,misc
image4070.jpg,Food
image1432.jpg,misc
image2142.jpg,Food
image5460.jpg,Food
image5270.jpg,Attire
image5245.jpg,Food
image2633.jpg,Attire
image846.jpg,Decorationandsignage
image1569.jpg,Attire
image8311.jpg,Food
image6120.jpg,Food
image5327.jpg,Attire
image1417.jpg,Attire
image5382.jpg,Food
image2479.jpg,misc
image3090.jpg,misc
image9505.jpg,misc
image9744.jpg,Food
image7442.jpg,Decorationandsignage
image9033.jpg,Attire
image10050.jpg,Attire
image8881.jpg,misc
image5968.jpg,Attire
image6207.jpg,Food
image145.jpg,Food
image4886.jpg,Food
image744.jpg,Decorationandsignage
image9499.jpg,Attire
image6482.jpg,Food
image3279.jpg,Food
image1964.jpg,Decorationandsignage
image2702.jpg,Food
image7033.jpg,misc
image10294.jpg,Food
image5813.jpg,Attire
image7412.jpg,misc
image5645.jpg,Decorationandsignage
image5272.jpg,Decorationandsignage
image6690.jpg,Attire
image9419.jpg,Attire
image9661.jpg,misc
image9986.jpg,Attire
image297.jpg,Attire
image10884.jpg,Decorationandsignage
image8766.jpg,misc
image10700.jpg,Food
image6337.jpg,Decorationandsignage
image1737.jpg,Food
image7418.jpg,Attire
image3745.jpg,misc
image8824.jpg,misc
image6028.jpg,Attire
image7869.jpg,Food
image241.jpg,Decorationandsignage
image10832.jpg,misc
image10146.jpg,misc
image8101.jpg,Decorationandsignage
image9407.jpg,Food
image9724.jpg,Food
image3428.jpg,Food
image4984.jpg,misc
image2977.jpg,Food
image1024.jpg,Food
image7154.jpg,Attire
image6422.jpg,Attire
image3483.jpg,misc
image5671.jpg,Food
image1346.jpg,Attire
image7821.jpg,Food
image3870.jpg,Decorationandsignage
image4200.jpg,Food
image3925.jpg,Food
image10354.jpg,misc
image3299.jpg,Decorationandsignage
image7588.jpg,Food
image284.jpg,Food
image9346.jpg,Food
image1330.jpg,Food
image4068.jpg,Food
image9749.jpg,misc
image837.jpg,misc
image3153.jpg,misc
image4160.jpg,Attire
image9791.jpg,Food
image3951.jpg,Attire
image10037.jpg,Attire
image10014.jpg,Food
image10770.jpg,Attire
image7903.jpg,Decorationandsignage
image8947.jpg,Food
image7040.jpg,Food
image8183.jpg,Decorationandsignage
image6000.jpg,Attire
image8584.jpg,Decorationandsignage
image7414.jpg,Food
image9480.jpg,Food
image9619.jpg,Decorationandsignage
image1479.jpg,Decorationandsignage
image10518.jpg,Attire
image6977.jpg,Attire
image2773.jpg,Attire
image10721.jpg,Attire
image85.jpg,Attire
image3106.jpg,Food
image6367.jpg,Attire
image1874.jpg,misc
image9905.jpg,Decorationandsignage
image1673.jpg,Food
image9221.jpg,Attire
image6212.jpg,misc
image1258.jpg,Attire
image4183.jpg,Attire
image10436.jpg,misc
image6516.jpg,Attire
image9113.jpg,Food
image2867.jpg,Food
image1468.jpg,misc
image3671.jpg,Food
image4323.jpg,Decorationandsignage
image10586.jpg,misc
image1168.jpg,Attire
image7536.jpg,Attire
image2237.jpg,Decorationandsignage
image5921.jpg,Attire
image8384.jpg,misc
image3228.jpg,misc
image9647.jpg,misc
image10319.jpg,Decorationandsignage
image6925.jpg,Food
image7430.jpg,Attire
image8686.jpg,Decorationandsignage
image938.jpg,misc
image3272.jpg,Attire
image8389.jpg,misc
image4914.jpg,Food
image4851.jpg,Decorationandsignage
image1774.jpg,misc
image7127.jpg,Attire
image7659.jpg,Attire
image7318.jpg,Attire
image9572.jpg,Food
image9361.jpg,misc
image9517.jpg,Food
image10731.jpg,Attire
image7187.jpg,Decorationandsignage
image2659.jpg,Food
image5448.jpg,Food
image5637.jpg,Food
image1993.jpg,Attire
image2544.jpg,Attire
image7217.jpg,Food
image423.jpg,Food
image8660.jpg,Attire
image7375.jpg,Food
image6618.jpg,Attire
image238.jpg,Attire
image7206.jpg,Attire
image1152.jpg,Attire
image2722.jpg,Food
image5595.jpg,Food
image9175.jpg,Food
image7285.jpg,Food
image10670.jpg,Food
image8527.jpg,Decorationandsignage
image3198.jpg,Food
image1829.jpg,Attire
image6979.jpg,misc
image4819.jpg,Attire
image10317.jpg,Attire
image2007.jpg,misc
image4173.jpg,Food
image6033.jpg,misc
image5475.jpg,Decorationandsignage
image5050.jpg,Decorationandsignage
image8430.jpg,Food
image8025.jpg,Attire
image9653.jpg,Food
image8988.jpg,Attire
image8199.jpg,Decorationandsignage
image4332.jpg,Food
image9085.jpg,Attire
image9120.jpg,Food
image8291.jpg,Decorationandsignage
image6142.jpg,misc
image8104.jpg,Attire
image3398.jpg,misc
image6272.jpg,Food
image3353.jpg,Attire
image7996.jpg,Food
image2912.jpg,Attire
image2352.jpg,Attire
image1195.jpg,Food
image9562.jpg,Food
image8404.jpg,misc
image3423.jpg,Attire
image5143.jpg,Attire
image8532.jpg,Decorationandsignage
image4237.jpg,Food
image3736.jpg,Decorationandsignage
image6324.jpg,Food
image1767.jpg,Food
image8855.jpg,Decorationandsignage
image9876.jpg,Attire
image9280.jpg,Food
image4628.jpg,Attire
image10452.jpg,Food
image3552.jpg,misc
image6581.jpg,Food
image848.jpg,Attire
image10376.jpg,Food
image7326.jpg,Attire
image3648.jpg,Decorationandsignage
image5077.jpg,misc
image7540.jpg,misc
image360.jpg,Attire
image1721.jpg,Attire
image10094.jpg,Food
image3695.jpg,Attire
image5674.jpg,Attire
image723.jpg,Attire
image10349.jpg,misc
image8684.jpg,Attire
image1498.jpg,Attire
image3427.jpg,Attire
image511.jpg,Decorationandsignage
image8755.jpg,Decorationandsignage
image7060.jpg,misc
image3328.jpg,Attire
image8690.jpg,misc
image7096.jpg,Food
image2951.jpg,Attire
image7295.jpg,Food
image3348.jpg,Food
image4093.jpg,Decorationandsignage
image4923.jpg,misc
image6213.jpg,misc
image10739.jpg,Food
image10123.jpg,Food
image9319.jpg,Food
image6016.jpg,misc
image6305.jpg,Attire
image7135.jpg,Food
image4627.jpg,Decorationandsignage
image5488.jpg,misc
image6858.jpg,Food
image1351.jpg,Decorationandsignage
image2566.jpg,Attire
image5319.jpg,Attire
image3082.jpg,Food
image2145.jpg,Attire
image8090.jpg,Food
image5411.jpg,Decorationandsignage
image2032.jpg,Food
image4786.jpg,Food
image10477.jpg,misc
image6132.jpg,Decorationandsignage
image5953.jpg,Food
image4645.jpg,Food
image4706.jpg,Food
image4503.jpg,Food
image5246.jpg,misc
image2175.jpg,Attire
image4756.jpg,Food
image3349.jpg,Food
image3812.jpg,Attire
image6034.jpg,Attire
image5425.jpg,Attire
image7098.jpg,Food
image3246.jpg,Food
image7717.jpg,Food
image1778.jpg,Food
image9553.jpg,Food
image10309.jpg,Food
image5423.jpg,Attire
image452.jpg,Attire
image3994.jpg,misc
image2833.jpg,Decorationandsignage
image10671.jpg,Food
image1049.jpg,Attire
image9936.jpg,Food
image5124.jpg,misc
image7604.jpg,Food
image2280.jpg,Decorationandsignage
image10640.jpg,misc
image8327.jpg,Food
image10598.jpg,Food
image2427.jpg,Attire
image2910.jpg,misc
image7296.jpg,misc
image9095.jpg,Decorationandsignage
image7633.jpg,Food
image10859.jpg,Attire
image4063.jpg,Food
image3352.jpg,Attire
image4906.jpg,misc
image5042.jpg,misc
image3239.jpg,Attire
image6210.jpg,Attire
image10210.jpg,Food
image6574.jpg,Decorationandsignage
image4459.jpg,Food
image5082.jpg,misc
image6354.jpg,Decorationandsignage
image6075.jpg,Decorationandsignage
image7170.jpg,Food
image4712.jpg,Decorationandsignage
image9617.jpg,Attire
image9965.jpg,Food
image7111.jpg,misc
image6586.jpg,Decorationandsignage
image1120.jpg,misc
image8577.jpg,Decorationandsignage
image8918.jpg,Food
image7609.jpg,Food
image2252.jpg,Attire
image10755.jpg,Food
image4556.jpg,Decorationandsignage
image4053.jpg,Food
image8434.jpg,Attire
image6729.jpg,Food
image2497.jpg,Decorationandsignage
image7963.jpg,Food
image9769.jpg,Food
image4921.jpg,Food
image8140.jpg,Attire
image3554.jpg,Attire
image4821.jpg,Food
image5188.jpg,Attire
image364.jpg,Food
image2154.jpg,Food
image832.jpg,Food
image6521.jpg,Attire
image2700.jpg,Attire
image4373.jpg,Attire
image866.jpg,Food
image6038.jpg,Attire
image7731.jpg,Attire
image4691.jpg,Decorationandsignage
image7281.jpg,Attire
image7597.jpg,Attire
image5248.jpg,misc
image3086.jpg,misc
image8865.jpg,Attire
image2133.jpg,Decorationandsignage
image8938.jpg,Decorationandsignage
image8711.jpg,misc
image5734.jpg,misc
image3399.jpg,Decorationandsignage
image5565.jpg,Food
image2483.jpg,Food
image100.jpg,Attire
image9436.jpg,Food
image2148.jpg,Decorationandsignage
image3277.jpg,Decorationandsignage
image1887.jpg,Food
image2550.jpg,Attire
image8691.jpg,Food
image7431.jpg,Food
image8784.jpg,misc
image1084.jpg,Food
image2524.jpg,Food
image6805.jpg,Food
image10350.jpg,Attire
image4721.jpg,Food
image5198.jpg,Attire
image6129.jpg,Attire
image9942.jpg,Food
image4836.jpg,misc
image2333.jpg,Food
image1377.jpg,Decorationandsignage
image561.jpg,Food
image8127.jpg,Food
image6622.jpg,Decorationandsignage
image7952.jpg,Food
image2382.jpg,Decorationandsignage
image10065.jpg,Food
image803.jpg,Attire
image1871.jpg,Food
image10694.jpg,Food
image9314.jpg,Food
image8927.jpg,misc
image5609.jpg,Food
image8245.jpg,Food
image5256.jpg,Food
image2058.jpg,Attire
image8439.jpg,Attire
image3709.jpg,Attire
image6456.jpg,Food
image10219.jpg,Food
image255.jpg,Food
image6092.jpg,Food
image9789.jpg,Decorationandsignage
image1082.jpg,Decorationandsignage
image8645.jpg,Food
image4475.jpg,Food
image6659.jpg,Attire
image8708.jpg,misc
image3939.jpg,Decorationandsignage
image2238.jpg,Decorationandsignage
image8841.jpg,Food
image7699.jpg,Attire
image4769.jpg,Attire
image6399.jpg,Attire
image1480.jpg,Decorationandsignage
image148.jpg,misc
image8274.jpg,Attire
image2838.jpg,Food
image1370.jpg,Food
image10133.jpg,Food
image6591.jpg,Food
image6243.jpg,Attire
image10871.jpg,Attire
image3690.jpg,misc
image8826.jpg,Attire
image5125.jpg,Food
image5704.jpg,Food
image8217.jpg,misc
image1943.jpg,Decorationandsignage
image2619.jpg,Attire
image9604.jpg,misc
image444.jpg,Food
image1920.jpg,misc
image10788.jpg,Food
image8563.jpg,Food
image10682.jpg,misc
image3964.jpg,Decorationandsignage
image4646.jpg,Food
image8740.jpg,Decorationandsignage
image5335.jpg,Decorationandsignage
image6515.jpg,misc
image9393.jpg,Food
image9467.jpg,Food
image4299.jpg,Food
image1926.jpg,Attire
image6179.jpg,Attire
image6912.jpg,Food
image3739.jpg,Food
image3256.jpg,Attire
image10207.jpg,Decorationandsignage
image8874.jpg,Food
image1985.jpg,Food
image4861.jpg,Food
image5612.jpg,Attire
image3883.jpg,misc
image476.jpg,Food
image7879.jpg,Food
image8300.jpg,Food
image3127.jpg,Decorationandsignage
image4228.jpg,misc
image8440.jpg,Food
image9944.jpg,Food
image10421.jpg,Food
image4675.jpg,Decorationandsignage
image5632.jpg,Attire
image3463.jpg,misc
image9958.jpg,misc
image9656.jpg,Attire
image6266.jpg,misc
image9206.jpg,Food
image6528.jpg,Food
image10616.jpg,Attire
image2111.jpg,Decorationandsignage
image6330.jpg,Food
image107.jpg,Decorationandsignage
image2344.jpg,misc
image1312.jpg,misc
image5450.jpg,Food
image7868.jpg,Food
image10231.jpg,Attire
image1549.jpg,misc
image7228.jpg,misc
image3652.jpg,misc
image7377.jpg,Food
image4214.jpg,misc
image5266.jpg,Decorationandsignage
image5135.jpg,Food
image2410.jpg,misc
image3150.jpg,Attire
image8787.jpg,Food
image6056.jpg,Food
image6789.jpg,Food
image2745.jpg,misc
image126.jpg,Food
image5299.jpg,Food
image9501.jpg,Attire
image8735.jpg,Food
image5399.jpg,Decorationandsignage
image9260.jpg,Attire
image4607.jpg,misc
image2751.jpg,misc
image4325.jpg,Attire
image7141.jpg,Food
image10835.jpg,Food
image9696.jpg,misc
image4780.jpg,misc
image5226.jpg,Food
image2274.jpg,Food
image3726.jpg,Food
image6489.jpg,Attire
image2109.jpg,misc
image2925.jpg,Food
image722.jpg,Attire
image1385.jpg,Food
image8103.jpg,Food
image5596.jpg,Food
image8201.jpg,Food
image3798.jpg,Attire
image10242.jpg,Food
image1410.jpg,Decorationandsignage
image10456.jpg,Attire
image178.jpg,Food
image3055.jpg,Attire
image6010.jpg,misc
image7505.jpg,Food
image968.jpg,Food
image10469.jpg,Decorationandsignage
image6148.jpg,Attire
image7178.jpg,Attire
image2159.jpg,Food
image493.jpg,Food
image5316.jpg,Attire
image3948.jpg,Food
image3243.jpg,Food
image280.jpg,Decorationandsignage
image9675.jpg,Attire
image6265.jpg,Decorationandsignage
image8500.jpg,misc
image6166.jpg,misc
image10206.jpg,Attire
image1056.jpg,Food
image2982.jpg,Attire
image8754.jpg,misc
image7944.jpg,misc
image393.jpg,Food
image2995.jpg,Attire
image75.jpg,Decorationandsignage
image1103.jpg,Attire
image10579.jpg,misc
image10491.jpg,Attire
image6175.jpg,Attire
image2511.jpg,Decorationandsignage
image6282.jpg,Attire
image4957.jpg,misc
image7545.jpg,Food
image9025.jpg,Food
image6336.jpg,Food
image3025.jpg,Decorationandsignage
image5073.jpg,Attire
image1924.jpg,Decorationandsignage
image5733.jpg,misc
image132.jpg,Food
image7791.jpg,Attire
image5420.jpg,Food
image10568.jpg,Food
image5242.jpg,misc
image7133.jpg,Attire
image3721.jpg,Attire
image1452.jpg,Food
image9575.jpg,Food
image7241.jpg,Decorationandsignage
image5675.jpg,Attire
image373.jpg,Food
image1332.jpg,Food
image8820.jpg,Attire
image2107.jpg,Decorationandsignage
image7097.jpg,misc
image5044.jpg,Decorationandsignage
image6322.jpg,misc
image4377.jpg,Food
image7445.jpg,Food
image4564.jpg,Decorationandsignage
image3124.jpg,misc
image2814.jpg,Food
image7503.jpg,Food
image63.jpg,Attire
image459.jpg,Attire
image5641.jpg,Attire
image4781.jpg,Decorationandsignage
image3538.jpg,Food
image1198.jpg,Attire
image6105.jpg,Attire
image5862.jpg,misc
image5240.jpg,Food
image4604.jpg,Food
image1588.jpg,Food
image4722.jpg,Food
image9654.jpg,misc
image6691.jpg,misc
image3876.jpg,Attire
image5769.jpg,Attire
image6613.jpg,Food
image5638.jpg,Attire
image5591.jpg,Attire
image7529.jpg,Food
image2339.jpg,Food
image2565.jpg,Food
image10005.jpg,Decorationandsignage
image3440.jpg,Food
image8227.jpg,Food
image9181.jpg,Food
image10222.jpg,Food
image7146.jpg,Food
image3679.jpg,Food
image2134.jpg,Attire
image2742.jpg,misc
image10459.jpg,Food
image4585.jpg,Food
image2221.jpg,misc
image2641.jpg,misc
image10756.jpg,Attire
image3472.jpg,Attire
image8059.jpg,Food
image5538.jpg,Food
image1247.jpg,misc
image9061.jpg,Food
image5574.jpg,Food
image7672.jpg,Attire
image2444.jpg,Food
image4717.jpg,Food
image5511.jpg,Attire
image2857.jpg,Decorationandsignage
image10623.jpg,Food
image7800.jpg,Food
image2884.jpg,Attire
image979.jpg,misc
image9801.jpg,Attire
image1572.jpg,Attire
image7660.jpg,Attire
image8055.jpg,misc
image4225.jpg,Attire
image5732.jpg,Food
image1142.jpg,misc
image6187.jpg,Food
image3975.jpg,misc
image3085.jpg,Attire
image7339.jpg,misc
image6237.jpg,Food
image4889.jpg,Attire
image2731.jpg,Food
image5417.jpg,Attire
image6877.jpg,misc
image2368.jpg,Food
image10410.jpg,Food
image2422.jpg,Attire
image10622.jpg,Attire
image411.jpg,Attire
image10327.jpg,Food
image1736.jpg,misc
image9782.jpg,misc
image10447.jpg,Food
image1730.jpg,Food
image5083.jpg,Food
image10576.jpg,Food
image5097.jpg,Food
image9612.jpg,Decorationandsignage
image1284.jpg,Food
image4596.jpg,Attire
image5765.jpg,Attire
image5424.jpg,misc
image3500.jpg,Attire
image5605.jpg,Food
image2503.jpg,Attire
image6182.jpg,Food
image2217.jpg,Food
image3448.jpg,Food
image5935.jpg,Attire
image8277.jpg,Attire
image7730.jpg,Attire
image6231.jpg,Attire
image8428.jpg,misc
image8652.jpg,Attire
image5467.jpg,Decorationandsignage
image1994.jpg,misc
image8347.jpg,Food
image1691.jpg,Attire
image5590.jpg,Attire
image7499.jpg,Food
image7421.jpg,Food
image6067.jpg,Attire
image497.jpg,Attire
image9259.jpg,Food
image7844.jpg,Attire
image3280.jpg,Attire
image8912.jpg,Decorationandsignage
image3666.jpg,Attire
image9701.jpg,misc
image5838.jpg,Attire
image2543.jpg,misc
image8016.jpg,Food
image7565.jpg,misc
image8054.jpg,Food
image2467.jpg,Food
image5659.jpg,Food
image10039.jpg,Attire
image1516.jpg,Decorationandsignage
image2064.jpg,Attire
image7967.jpg,Food
image2096.jpg,Attire
image564.jpg,Food
image1503.jpg,Decorationandsignage
image8549.jpg,Attire
image1112.jpg,Attire
image68.jpg,Food
image7193.jpg,Attire
image2818.jpg,Attire
image1917.jpg,Decorationandsignage
image6578.jpg,Attire
image8271.jpg,misc
image7528.jpg,Attire
image7582.jpg,Attire
image5015.jpg,misc
image7090.jpg,misc
image8728.jpg,misc
image1897.jpg,Food
image5337.jpg,Food
image7512.jpg,Food
image5351.jpg,Food
image7498.jpg,Attire
image2777.jpg,misc
image2964.jpg,Attire
image6507.jpg,Attire
image5210.jpg,Attire
image7081.jpg,Decorationandsignage
image9970.jpg,misc
image6549.jpg,Attire
image8232.jpg,Attire
image455.jpg,Food
image8358.jpg,Food
image10023.jpg,misc
image5443.jpg,Attire
image7263.jpg,Food
image6202.jpg,Food
image7117.jpg,misc
image6678.jpg,Food
image2608.jpg,Attire
image9700.jpg,Food
image2130.jpg,Attire
image8790.jpg,Food
image10330.jpg,Food
image6448.jpg,Attire
image7195.jpg,Food
image4811.jpg,Attire
image9705.jpg,Attire
image9490.jpg,Food
image1035.jpg,Food
image6972.jpg,Food
image3147.jpg,misc
image3032.jpg,Food
image6122.jpg,Food
image10685.jpg,Food
image7303.jpg,Decorationandsignage
image7620.jpg,Attire
image7199.jpg,misc
image7013.jpg,misc
image5331.jpg,misc
image5984.jpg,Attire
image8028.jpg,Food
image6871.jpg,Food
image3431.jpg,misc
image1359.jpg,Food
image1535.jpg,misc
image10407.jpg,Attire
image7727.jpg,Food
image3544.jpg,misc
image6890.jpg,Decorationandsignage
image3079.jpg,misc
image5572.jpg,Decorationandsignage
image5325.jpg,Food
image3305.jpg,Food
image7812.jpg,Food
image10831.jpg,misc
image9372.jpg,Food
image5873.jpg,Food
image3494.jpg,Decorationandsignage
image10645.jpg,Food
image10837.jpg,Attire
image10278.jpg,Food
image10809.jpg,Decorationandsignage
image7085.jpg,misc
image3565.jpg,Decorationandsignage
image5048.jpg,misc
image4674.jpg,Food
image8268.jpg,Decorationandsignage
image8018.jpg,misc
image8981.jpg,misc
image8193.jpg,Food
image4759.jpg,Food
image4527.jpg,Attire
image7995.jpg,Attire
image9509.jpg,Attire
image3444.jpg,Food
image7334.jpg,misc
image8980.jpg,Attire
image8546.jpg,Food
image7511.jpg,Food
image8075.jpg,Decorationandsignage
image3835.jpg,misc
image10009.jpg,Food
image2774.jpg,Food
image6020.jpg,misc
image1492.jpg,Food
image1356.jpg,misc
image4895.jpg,Attire
image6910.jpg,misc
image9368.jpg,Food
image7795.jpg,Attire
image6762.jpg,Food
image5546.jpg,Food
image2708.jpg,Food
image6908.jpg,Food
image8105.jpg,Attire
image8595.jpg,Attire
image153.jpg,Decorationandsignage
image9551.jpg,Decorationandsignage
image5356.jpg,Food
image7900.jpg,misc
image323.jpg,Decorationandsignage
image8417.jpg,Attire
image8573.jpg,Decorationandsignage
image1653.jpg,Food
image3562.jpg,Food
image154.jpg,Attire
image4100.jpg,Attire
image8480.jpg,Attire
image10650.jpg,Food
image7631.jpg,misc
image7564.jpg,Decorationandsignage
image4866.jpg,Food
image3561.jpg,Decorationandsignage
image7436.jpg,Attire
image3097.jpg,Attire
image10590.jpg,Attire
image2835.jpg,Attire
image7386.jpg,Food
image4918.jpg,misc
image2767.jpg,Food
image10444.jpg,Food
image10510.jpg,misc
image10230.jpg,Attire
image8147.jpg,Food
image7148.jpg,Attire
image9765.jpg,Food
image5832.jpg,misc
image9828.jpg,misc
image7943.jpg,Food
image5253.jpg,misc
image10695.jpg,Decorationandsignage
image9422.jpg,Attire
image9123.jpg,Attire
image8490.jpg,misc
image2684.jpg,Attire
image9790.jpg,Attire
image6998.jpg,Attire
image5264.jpg,misc
image7057.jpg,misc
image1449.jpg,Attire
image2359.jpg,Attire
image9920.jpg,misc
image5355.jpg,Attire
image3574.jpg,Attire
image4692.jpg,misc
image4983.jpg,Attire
image10366.jpg,Food
image9391.jpg,Attire
image6943.jpg,Food
image7446.jpg,Food
image2354.jpg,Attire
image2314.jpg,Attire
image4263.jpg,Food
image2461.jpg,misc
image3215.jpg,Attire
image4387.jpg,Food
image8270.jpg,Attire
image4268.jpg,Attire
image7362.jpg,Food
image9478.jpg,Food
image3368.jpg,Food
image2233.jpg,Attire
image6744.jpg,Food
image10363.jpg,Decorationandsignage
image8397.jpg,misc
image7212.jpg,misc
image6738.jpg,misc
image5806.jpg,Attire
image1320.jpg,misc
image10031.jpg,Food
image1624.jpg,Food
image4211.jpg,Food
image9140.jpg,Food
image4567.jpg,misc
image10461.jpg,misc
image2759.jpg,misc
image1501.jpg,Attire
image818.jpg,Decorationandsignage
image10115.jpg,Food
image5725.jpg,Food
image8288.jpg,misc
image5877.jpg,Decorationandsignage
image6566.jpg,Food
image9867.jpg,Attire
image4853.jpg,Food
image9345.jpg,Food
image3644.jpg,Attire
image8136.jpg,Attire
image3829.jpg,Food
image9238.jpg,Attire
image6981.jpg,Food
image5283.jpg,Food
image141.jpg,Attire
image4949.jpg,Food
image1111.jpg,Food
image2960.jpg,Attire
image6400.jpg,Food
image2387.jpg,Food
image5481.jpg,misc
image7808.jpg,Food
image6984.jpg,Food
image6734.jpg,Food
image4017.jpg,Attire
image6230.jpg,Food
image3192.jpg,Attire
image3471.jpg,Food
image7859.jpg,Food
image2888.jpg,misc
image10497.jpg,Attire
image9699.jpg,misc
image10539.jpg,Food
image7410.jpg,Food
image4231.jpg,Food
image6065.jpg,Attire
image3289.jpg,Attire
image1075.jpg,Food
image6487.jpg,misc
image5215.jpg,Decorationandsignage
image2349.jpg,Food
image682.jpg,Decorationandsignage
image6648.jpg,Attire
image10024.jpg,Food
image2789.jpg,Food
image3216.jpg,Decorationandsignage
image8724.jpg,misc
image9945.jpg,misc
image2276.jpg,Food
image1644.jpg,Food
image8607.jpg,Attire
image6579.jpg,Food
image1193.jpg,misc
image217.jpg,Attire
image4799.jpg,Food
image10618.jpg,Decorationandsignage
image3619.jpg,Attire
image5421.jpg,Food
image10570.jpg,misc
image2152.jpg,Food
image3724.jpg,misc
image4569.jpg,Food
image8737.jpg,misc
image2493.jpg,Attire
image1962.jpg,Decorationandsignage
image4506.jpg,Decorationandsignage
image457.jpg,Food
image8843.jpg,Attire
image4169.jpg,misc
image1391.jpg,Attire
image9759.jpg,Attire
image6702.jpg,misc
image7400.jpg,Food
image5677.jpg,misc
image3062.jpg,Attire
image9523.jpg,Food
image8951.jpg,Food
image2528.jpg,Attire
image9036.jpg,Food
image10427.jpg,Attire
image7000.jpg,Food
image6847.jpg,misc
image1466.jpg,Decorationandsignage
image2445.jpg,Decorationandsignage
image9884.jpg,Attire
image2983.jpg,Attire
image10613.jpg,Attire
image3221.jpg,misc
image9836.jpg,Food
image10099.jpg,Decorationandsignage
image4807.jpg,misc
image6697.jpg,Attire
image2806.jpg,misc
image869.jpg,Decorationandsignage
image5627.jpg,Attire
image6347.jpg,misc
image513.jpg,Attire
image7549.jpg,Decorationandsignage
image7315.jpg,Attire
image1137.jpg,Decorationandsignage
image4245.jpg,Food
image600.jpg,Decorationandsignage
image6125.jpg,Attire
image9058.jpg,Attire
image3233.jpg,misc
image547.jpg,Attire
image2091.jpg,misc
image6094.jpg,Food
image1601.jpg,Decorationandsignage
image10455.jpg,Food
image10105.jpg,Decorationandsignage
image6514.jpg,Food
image9587.jpg,Food
image6636.jpg,Decorationandsignage
image6357.jpg,Decorationandsignage
image3183.jpg,Attire
image9849.jpg,Food
image4032.jpg,Food
image1355.jpg,misc
image9978.jpg,Attire
image9995.jpg,Decorationandsignage
image7368.jpg,Attire
image40.jpg,Food
image3628.jpg,Attire
image2834.jpg,Attire
image759.jpg,Decorationandsignage
image488.jpg,Food
image8569.jpg,misc
image1797.jpg,misc
image1781.jpg,Food
image2729.jpg,Food
image8731.jpg,Food
image3689.jpg,Food
image6491.jpg,Decorationandsignage
image3227.jpg,Food
image8742.jpg,Food
image9090.jpg,Attire
image2856.jpg,Food
image6097.jpg,misc
image5799.jpg,Food
image213.jpg,Decorationandsignage
image8794.jpg,Decorationandsignage
image10417.jpg,Attire
image375.jpg,Food
image2932.jpg,Decorationandsignage
image8517.jpg,misc
image6962.jpg,misc
image6285.jpg,Food
image9109.jpg,misc
image5827.jpg,Decorationandsignage
image3777.jpg,Attire
image7860.jpg,Food
image6095.jpg,Food
image8941.jpg,Food
image7666.jpg,misc
image1938.jpg,misc
image9529.jpg,Food
image6963.jpg,Decorationandsignage
image8299.jpg,Attire
image1752.jpg,misc
image10804.jpg,Attire
image5621.jpg,Food
image5435.jpg,Decorationandsignage
image9538.jpg,Attire
image9351.jpg,Attire
image3359.jpg,Attire
image4961.jpg,Attire
image4938.jpg,Attire
image5295.jpg,Food
image1927.jpg,Food
image721.jpg,Food
image8386.jpg,misc
image6264.jpg,Food
image10411.jpg,Food
image9449.jpg,Decorationandsignage
image4337.jpg,Attire
image8567.jpg,Food
image1958.jpg,Attire
image484.jpg,misc
image3278.jpg,Food
image3449.jpg,Food
image4253.jpg,Food
image9256.jpg,Food
image6548.jpg,Attire
image1341.jpg,Food
image4718.jpg,misc
image8935.jpg,Decorationandsignage
image6170.jpg,Decorationandsignage
image1597.jpg,misc
image8473.jpg,misc
image4376.jpg,Food
image3865.jpg,Attire
image1209.jpg,Food
image6559.jpg,Food
image923.jpg,misc
image10051.jpg,Attire
image2848.jpg,Attire
image9580.jpg,Decorationandsignage
image362.jpg,Attire
image10508.jpg,Food
image3362.jpg,Decorationandsignage
image3738.jpg,Decorationandsignage
image4805.jpg,Food
image54.jpg,misc
image156.jpg,Attire
image6333.jpg,Attire
image4264.jpg,Attire
image7965.jpg,Food
image1235.jpg,Food
image10784.jpg,Food
image9921.jpg,Food
image2748.jpg,Decorationandsignage
image3814.jpg,Attire
image2386.jpg,Food
image5234.jpg,Food
image4362.jpg,Food
image6869.jpg,Attire
image120.jpg,Decorationandsignage
image10394.jpg,Attire
image4284.jpg,Food
image7736.jpg,Attire
image8478.jpg,Food
image7024.jpg,Food
image9853.jpg,Food
image2747.jpg,Attire
image1815.jpg,Attire
image8730.jpg,Food
image6520.jpg,Attire
image631.jpg,Decorationandsignage
image4480.jpg,Attire
image6286.jpg,misc
image1036.jpg,Food
image5350.jpg,Attire
image1465.jpg,Food
image3357.jpg,Attire
image9029.jpg,Food
image6957.jpg,Food
image7751.jpg,Attire
image4724.jpg,Attire
image554.jpg,Decorationandsignage
image10433.jpg,Food
image4276.jpg,Attire
image7324.jpg,Food
image271.jpg,Attire
image9249.jpg,misc
image9193.jpg,Food
image9111.jpg,Attire
image9462.jpg,Food
image7108.jpg,Attire
image6050.jpg,misc
image3425.jpg,misc
image5207.jpg,Attire
image8760.jpg,Decorationandsignage
image5900.jpg,Food
image9482.jpg,Food
image3056.jpg,misc
image2955.jpg,Food
image4212.jpg,misc
image5926.jpg,misc
image3996.jpg,Decorationandsignage
image1460.jpg,misc
image2465.jpg,Decorationandsignage
image461.jpg,Food
image10163.jpg,Attire
image8222.jpg,misc
image5347.jpg,Food
image6508.jpg,Attire
image10147.jpg,Food
image4775.jpg,Food
image725.jpg,Food
image6880.jpg,Food
image3926.jpg,Attire
image3377.jpg,Food
image1954.jpg,Food
image10408.jpg,Attire
image9799.jpg,Attire
image3092.jpg,Attire
image3579.jpg,misc
image9969.jpg,Food
image8333.jpg,Attire
image9347.jpg,misc
image1618.jpg,Food
image8033.jpg,Food
image6163.jpg,Food
image3776.jpg,Food
image2876.jpg,Decorationandsignage
image6614.jpg,misc
image3058.jpg,Food
image3740.jpg,Decorationandsignage
image3872.jpg,misc
image10076.jpg,Food
image4375.jpg,Attire
image4514.jpg,Decorationandsignage
image7267.jpg,Decorationandsignage
image4838.jpg,Food
image8167.jpg,Decorationandsignage
image9423.jpg,Food
image3888.jpg,Attire
image9170.jpg,Food
image3429.jpg,Attire
image2039.jpg,Attire
image2762.jpg,Decorationandsignage
image7805.jpg,misc
image10145.jpg,Attire
image8373.jpg,misc
image1118.jpg,misc
image4341.jpg,misc
image2509.jpg,Food
image4302.jpg,Attire
image4421.jpg,Attire
image7428.jpg,Food
image5724.jpg,Food
image7646.jpg,Attire
image10370.jpg,Attire
image7458.jpg,Food
image7068.jpg,misc
image5367.jpg,misc
image9495.jpg,Food
image8208.jpg,Food
image355.jpg,Decorationandsignage
image4746.jpg,Decorationandsignage
image8086.jpg,Food
image1124.jpg,Attire
image10012.jpg,Attire
image10103.jpg,Food
image995.jpg,Food
image4152.jpg,Food
image662.jpg,Food
image2049.jpg,Attire
image2518.jpg,Decorationandsignage
image6698.jpg,Food
image4473.jpg,Attire
image4481.jpg,Food
image9594.jpg,misc
image4583.jpg,misc
image5728.jpg,misc
image10789.jpg,Food
image1695.jpg,Attire
image1175.jpg,Decorationandsignage
image4074.jpg,misc
image8965.jpg,Food
image8625.jpg,misc
image4019.jpg,Attire
image4010.jpg,misc
image2041.jpg,Attire
image505.jpg,Attire
image10669.jpg,Food
image3250.jpg,Food
image10142.jpg,Attire
image7599.jpg,Food
image9972.jpg,Attire
image388.jpg,Attire
image652.jpg,Decorationandsignage
image10081.jpg,Food
image9429.jpg,Food
image10591.jpg,Food
image8613.jpg,Attire
image371.jpg,Decorationandsignage
image5634.jpg,Food
image1027.jpg,misc
image8027.jpg,Decorationandsignage
image7845.jpg,Attire
image10725.jpg,Decorationandsignage
image4393.jpg,Attire
image2719.jpg,Decorationandsignage
image10143.jpg,Food
image4331.jpg,Attire
image5455.jpg,Attire
image10224.jpg,misc
image6379.jpg,Decorationandsignage
image5445.jpg,Food
image10246.jpg,Food
image2701.jpg,Decorationandsignage
image8623.jpg,Attire
image10558.jpg,Decorationandsignage
image10813.jpg,Food
image4857.jpg,misc
image9349.jpg,Food
image7478.jpg,Attire
image10764.jpg,misc
image7934.jpg,Food
image7924.jpg,Attire
image10250.jpg,Decorationandsignage
image9829.jpg,Food
image6432.jpg,Food
image335.jpg,Food
image4220.jpg,Food
image10850.jpg,Food
image4843.jpg,misc
image5165.jpg,Decorationandsignage
image4547.jpg,Food
image2323.jpg,Food
image9767.jpg,Food
image8150.jpg,Food
image10457.jpg,Food
image4271.jpg,Attire
image2343.jpg,Attire
image2665.jpg,Decorationandsignage
image7283.jpg,Food
image1202.jpg,Attire
image6221.jpg,Food
image5706.jpg,Decorationandsignage
image6931.jpg,misc
image6005.jpg,Decorationandsignage
image5520.jpg,Food
image5673.jpg,Attire
image8675.jpg,Attire
image1603.jpg,Attire
image7624.jpg,Attire
image3680.jpg,Decorationandsignage
image7916.jpg,Attire
image7595.jpg,Food
image1318.jpg,Attire
image1857.jpg,Attire
image2205.jpg,Food
image2177.jpg,Decorationandsignage
image3237.jpg,Attire
image2730.jpg,Food
image9882.jpg,Food
image2919.jpg,Food
image1248.jpg,Attire
image9005.jpg,Attire
image7517.jpg,Attire
image109.jpg,Attire
image1259.jpg,Food
image953.jpg,Food
image10072.jpg,Attire
image2866.jpg,Attire
image2896.jpg,misc
image3668.jpg,Attire
image6784.jpg,Attire
image8657.jpg,misc
image10860.jpg,Decorationandsignage
image9442.jpg,Food
image6014.jpg,Food
image802.jpg,misc
image10364.jpg,Food
image10450.jpg,Food
image8762.jpg,Attire
image1207.jpg,Attire
image2278.jpg,Food
image10524.jpg,Food
image3410.jpg,Attire
image4605.jpg,Food
image3616.jpg,Attire
image10249.jpg,Food
image4884.jpg,Attire
image6654.jpg,Attire
image9481.jpg,Food
image4848.jpg,Food
image2440.jpg,misc
image2653.jpg,misc
image6815.jpg,Attire
image4510.jpg,Attire
image209.jpg,Food
image1816.jpg,misc
image5839.jpg,misc
image1072.jpg,Food
image6927.jpg,Food
image1098.jpg,misc
image4311.jpg,Food
image964.jpg,Food
image10305.jpg,Food
image2165.jpg,misc
image9127.jpg,misc
image5555.jpg,Attire
image10583.jpg,Food
image2281.jpg,Food
image1643.jpg,Decorationandsignage
image10228.jpg,Food
image5876.jpg,misc
image6443.jpg,Attire
image3194.jpg,misc
image9069.jpg,Food
image10357.jpg,misc
image2287.jpg,Food
image8714.jpg,Attire
image7850.jpg,Attire
image8205.jpg,Food
image6555.jpg,Attire
image9405.jpg,Attire
image9923.jpg,misc
image1240.jpg,Decorationandsignage
image171.jpg,Food
image2918.jpg,Decorationandsignage
image9332.jpg,Attire
image9542.jpg,misc
image2242.jpg,Attire
image7277.jpg,misc
image5249.jpg,misc
image350.jpg,Decorationandsignage
image2914.jpg,Food
image9561.jpg,misc
image4278.jpg,Decorationandsignage
image8673.jpg,misc
image10302.jpg,Food
image1788.jpg,Decorationandsignage
image8395.jpg,Food
image705.jpg,misc
image462.jpg,Food
image3923.jpg,misc
image4837.jpg,Attire
image5244.jpg,Food
image9911.jpg,misc
image502.jpg,Decorationandsignage
image7317.jpg,Food
image8102.jpg,misc
image4900.jpg,Attire
image10736.jpg,Attire
image1666.jpg,misc
image5102.jpg,Food
image5711.jpg,Attire
image9420.jpg,Attire
image3864.jpg,Decorationandsignage
image8379.jpg,Attire
image5552.jpg,Attire
image9006.jpg,Food
image6480.jpg,Attire
image1323.jpg,misc
image8231.jpg,Attire
image9518.jpg,Food
image3828.jpg,Decorationandsignage
image2292.jpg,misc
image9655.jpg,Attire
image4767.jpg,Decorationandsignage
image5969.jpg,misc
image2690.jpg,misc
image5250.jpg,Food
image3728.jpg,Food
image3537.jpg,Decorationandsignage
image1096.jpg,Attire
image10718.jpg,Food
image9020.jpg,misc
image4929.jpg,Decorationandsignage
image5867.jpg,Attire
image8538.jpg,Attire
image8629.jpg,misc
image3871.jpg,misc
image4650.jpg,Attire
image3143.jpg,misc
image4611.jpg,Food
image8968.jpg,misc
image4782.jpg,Food
image8144.jpg,Food
image2330.jpg,Food
image5692.jpg,Attire
image9411.jpg,Food
image1731.jpg,Food
image7886.jpg,Food
image1565.jpg,Attire
image7034.jpg,misc
image3813.jpg,Decorationandsignage
image10010.jpg,misc
image8465.jpg,Attire
image3063.jpg,Food
image5049.jpg,Food
image10183.jpg,misc
image5112.jpg,Attire
image8641.jpg,Food
image5157.jpg,Food
image244.jpg,misc
image3388.jpg,misc
image6074.jpg,Food
image3734.jpg,Decorationandsignage
image9887.jpg,Decorationandsignage
image3896.jpg,Food
image2878.jpg,Attire
image1961.jpg,Food
image2297.jpg,Decorationandsignage
image8727.jpg,misc
image8543.jpg,Attire
image8952.jpg,Food
image8099.jpg,Food
image5668.jpg,Food
image10520.jpg,Attire
image2593.jpg,Attire
image386.jpg,Attire
image3760.jpg,Decorationandsignage
image10409.jpg,Attire
image4250.jpg,misc
image6245.jpg,Food
image8187.jpg,Decorationandsignage
image6619.jpg,misc
image4222.jpg,Decorationandsignage
image5119.jpg,Food
image6833.jpg,Food
image6079.jpg,Food
image9885.jpg,Attire
image4073.jpg,Attire
image2054.jpg,misc
image9987.jpg,Decorationandsignage
image6536.jpg,Attire
image2846.jpg,misc
image9168.jpg,Food
image5392.jpg,Decorationandsignage
image1813.jpg,Attire
image1375.jpg,Food
image6631.jpg,misc
image7460.jpg,Food
image4867.jpg,Attire
image3571.jpg,Decorationandsignage
image9913.jpg,Decorationandsignage
image5026.jpg,Food
image4487.jpg,Decorationandsignage
image3536.jpg,Attire
image1546.jpg,Decorationandsignage
image10151.jpg,Food
image6969.jpg,Food
image3023.jpg,Attire
image1573.jpg,Food
image5181.jpg,Attire
image6582.jpg,Decorationandsignage
image5126.jpg,Food
image82.jpg,Food
image9274.jpg,Food
image6359.jpg,Attire
image5822.jpg,misc
image7809.jpg,Food
image1795.jpg,misc
image4460.jpg,Attire
image8503.jpg,Attire
image8723.jpg,Decorationandsignage
image4680.jpg,Decorationandsignage
image9811.jpg,Attire
image3442.jpg,misc
image8317.jpg,Decorationandsignage
image7474.jpg,Food
image10611.jpg,Attire
image740.jpg,Decorationandsignage
image2139.jpg,Food
image4335.jpg,misc
image7569.jpg,misc
image9130.jpg,Attire
image6958.jpg,Attire
image6407.jpg,Decorationandsignage
image5470.jpg,Food
image10418.jpg,Food
image6501.jpg,Food
image8239.jpg,Food
image9533.jpg,Decorationandsignage
image824.jpg,Food
image743.jpg,Attire
image10747.jpg,misc
image269.jpg,Food
image8599.jpg,Attire
image6558.jpg,Decorationandsignage
image7143.jpg,Food
image2611.jpg,Food
image3005.jpg,Food
image6647.jpg,Food
image4639.jpg,Decorationandsignage
image3382.jpg,Food
image6758.jpg,Attire
image1519.jpg,Decorationandsignage
image8474.jpg,Food
image7516.jpg,Food
image5062.jpg,Decorationandsignage
image1828.jpg,misc
image6073.jpg,Food
image7132.jpg,Decorationandsignage
image1362.jpg,Decorationandsignage
image5682.jpg,Food
image9788.jpg,Attire
image8924.jpg,Food
image4970.jpg,Food
image6666.jpg,Decorationandsignage
image6684.jpg,Attire
image5171.jpg,Attire
image2682.jpg,Food
image884.jpg,Food
image9157.jpg,Attire
image7129.jpg,misc
image7107.jpg,Food
image9753.jpg,Attire
image3335.jpg,Attire
image5364.jpg,Food
image4002.jpg,Decorationandsignage
image1335.jpg,Attire
image6019.jpg,Attire
image5326.jpg,misc
image10049.jpg,Attire
image8123.jpg,Attire
image8803.jpg,Food
image4754.jpg,misc
image6526.jpg,Food
image10252.jpg,Decorationandsignage
image6577.jpg,Decorationandsignage
image4827.jpg,Decorationandsignage
image6419.jpg,Food
image8578.jpg,Attire
image1948.jpg,misc
image6907.jpg,Attire
image10426.jpg,Food
image10830.jpg,Food
image10846.jpg,Decorationandsignage
image8410.jpg,Decorationandsignage
image7105.jpg,Attire
image956.jpg,misc
image1609.jpg,misc
image10530.jpg,Attire
image10124.jpg,Attire
image10617.jpg,Food
image1220.jpg,Food
image8966.jpg,Attire
image2207.jpg,Food
image8032.jpg,Decorationandsignage
image7932.jpg,Food
image9892.jpg,Food
image9222.jpg,misc
image5275.jpg,Food
image1580.jpg,Decorationandsignage
image7839.jpg,Attire
image6792.jpg,misc
image8213.jpg,Attire
image8921.jpg,Attire
image580.jpg,Attire
image10178.jpg,Decorationandsignage
image1267.jpg,Decorationandsignage
image5477.jpg,Attire
image6920.jpg,Food
image3168.jpg,misc
image3783.jpg,Decorationandsignage
image10780.jpg,Decorationandsignage
image6820.jpg,Decorationandsignage
image5407.jpg,Decorationandsignage
image8342.jpg,Food
image6201.jpg,misc
image2425.jpg,Food
image8525.jpg,Food
image8468.jpg,Decorationandsignage
image2226.jpg,Attire
image6704.jpg,Decorationandsignage
image10053.jpg,Attire
image7826.jpg,Attire
image8785.jpg,Attire
image6398.jpg,misc
image3274.jpg,Food
image3144.jpg,misc
image7761.jpg,Food
image4363.jpg,Attire
image6271.jpg,Food
image9671.jpg,misc
image5872.jpg,Food
image8513.jpg,misc
image1990.jpg,Attire
image5944.jpg,misc
image339.jpg,Decorationandsignage
image7457.jpg,misc
image9211.jpg,Food
image4293.jpg,Attire
image10628.jpg,misc
image9240.jpg,Food
image1306.jpg,Decorationandsignage
image537.jpg,Attire
image8251.jpg,Decorationandsignage
image7118.jpg,Attire
image10261.jpg,misc
image6232.jpg,misc
image9589.jpg,Attire
image10164.jpg,misc
image5439.jpg,Attire
image155.jpg,Attire
image2989.jpg,Food
image569.jpg,Food
image9057.jpg,Attire
image8780.jpg,Decorationandsignage
image6692.jpg,Food
image9999.jpg,Attire
image3387.jpg,Decorationandsignage
image9858.jpg,misc
image2372.jpg,Food
image5030.jpg,Food
image8493.jpg,Attire
image7487.jpg,Food
image2052.jpg,Attire
image8422.jpg,misc
image176.jpg,Attire
image3248.jpg,Food
image2001.jpg,Food
image8052.jpg,misc
image9709.jpg,Attire
image9438.jpg,Food
image4766.jpg,misc
image5398.jpg,Food
image994.jpg,Food
image2738.jpg,Food
image8064.jpg,Attire
image10624.jpg,misc
image3235.jpg,Decorationandsignage
image9577.jpg,Attire
image9966.jpg,Food
image668.jpg,Attire
image2053.jpg,Food
image7338.jpg,Attire
image9224.jpg,Attire
image4955.jpg,Food
image685.jpg,misc
image10555.jpg,Attire
image4597.jpg,Food
image2337.jpg,misc
image4113.jpg,Attire
image365.jpg,misc
image2172.jpg,Attire
image8362.jpg,Attire
image6009.jpg,Food
image965.jpg,misc
image8676.jpg,Food
image7130.jpg,Food
image7255.jpg,Food
image4303.jpg,Attire
image7029.jpg,misc
image37.jpg,Food
image675.jpg,Decorationandsignage
image6278.jpg,misc
image10451.jpg,misc
image8764.jpg,Attire
image545.jpg,Food
image1530.jpg,Food
image9258.jpg,Attire
image4752.jpg,Food
image7920.jpg,Attire
image4381.jpg,Decorationandsignage
image7048.jpg,Decorationandsignage
image1287.jpg,misc
image10047.jpg,Food
image6062.jpg,Food
image8586.jpg,Food
image1524.jpg,Food
image7539.jpg,Attire
image5311.jpg,misc
image6624.jpg,Decorationandsignage
image7664.jpg,Food
image8053.jpg,Attire
image3970.jpg,Attire
image272.jpg,Attire
image8622.jpg,Food
image7268.jpg,Food
image4344.jpg,Food
image9352.jpg,Food
image5767.jpg,Food
image5854.jpg,Food
image1057.jpg,Attire
image6475.jpg,misc
image1165.jpg,Food
image4156.jpg,misc
image5539.jpg,misc
image2256.jpg,Attire
image10157.jpg,misc
image5949.jpg,misc
image8948.jpg,Food
image8957.jpg,Food
image3491.jpg,Attire
image3301.jpg,misc
image7862.jpg,Food
image239.jpg,Attire
image5274.jpg,misc
image6985.jpg,misc
image7535.jpg,Food
image5432.jpg,Food
image9964.jpg,misc
image3897.jpg,Food
image8528.jpg,Food
image10474.jpg,Food
image8544.jpg,Attire
image4135.jpg,Food
image4151.jpg,Food
image2184.jpg,misc
image7086.jpg,Attire
image9174.jpg,Food
image8011.jpg,Food
image9403.jpg,Attire
image1982.jpg,misc
image5057.jpg,Attire
image3714.jpg,Decorationandsignage
image7889.jpg,misc
image6512.jpg,Attire
image3551.jpg,Food
image7275.jpg,Food
image2155.jpg,Attire
image9234.jpg,misc
image5849.jpg,Food
image10468.jpg,Decorationandsignage
image6497.jpg,misc
image8292.jpg,Decorationandsignage
image6831.jpg,Attire
image8241.jpg,Food
image2116.jpg,Attire
image5857.jpg,Attire
image1361.jpg,Decorationandsignage
image10166.jpg,misc
image10340.jpg,Food
image9783.jpg,Attire
